event_ticker|player|result|ts|price|yes_bid|yes_ask|msg_type|volume|open_interest|taker_side|close_ts|settlement_ts
KXATPCHALLENGERMATCH-26JUL13ARSMAR|Arseneault vs Martin|Nicolas Arseneault|yes|1783995926305|0.93|0.0|0.0|trade|35.53|0.0|no|1783996226000|1783996349516
KXATPCHALLENGERMATCH-26JUL13ARSMAR|Arseneault vs Martin|Nicolas Arseneault|yes|1783995926305|0.93|0.93|0.94|ticker|4233050.82|1587254.3||1783996226000|1783996349516
KXATPCHALLENGERMATCH-26JUL13ARSMAR|Arseneault vs Martin|Nicolas Arseneault|yes|1783995926886|0.93|0.0|0.0|trade|606.54|0.0|no|1783996226000|1783996349516
KXATPCHALLENGERMATCH-26JUL13ARSMAR|Arseneault vs Martin|Nicolas Arseneault|yes|1783995927123|0.94|0.0|0.0|trade|15.89|0.0|yes|1783996226000|1783996349516
KXATPCHALLENGERMATCH-26JUL13ARSMAR|Arseneault vs Martin|Nicolas Arseneault|yes|1783995927190|0.94|0.0|0.0|trade|264.84|0.0|yes|1783996226000|1783996349516
KXATPCHALLENGERMATCH-26JUL13ARSMAR|Arseneault vs Martin|Nicolas Arseneault|yes|1783995927380|0.94|0.0|0.0|trade|711.9|0.0|yes|1783996226000|1783996349516
KXATPCHALLENGERMATCH-26JUL13ARSMAR|Arseneault vs Martin|Nicolas Arseneault|yes|1783995927380|0.94|0.0|0.0|trade|47.94|0.0|yes|1783996226000|1783996349516
KXATPCHALLENGERMATCH-26JUL13ARSMAR|Arseneault vs Martin|Nicolas Arseneault|yes|1783995927380|0.94|0.0|0.0|trade|46.0|0.0|yes|1783996226000|1783996349516
KXATPCHALLENGERMATCH-26JUL13ARSMAR|Arseneault vs Martin|Nicolas Arseneault|yes|1783995927380|0.94|0.0|0.0|trade|3000.0|0.0|yes|1783996226000|1783996349516
KXATPCHALLENGERMATCH-26JUL13ARSMAR|Arseneault vs Martin|Nicolas Arseneault|yes|1783995927380|0.94|0.0|0.0|trade|431.68|0.0|yes|1783996226000|1783996349516
KXATPCHALLENGERMATCH-26JUL13ARSMAR|Arseneault vs Martin|Nicolas Arseneault|yes|1783995927593|0.93|0.0|0.0|trade|17.25|0.0|no|1783996226000|1783996349516
KXATPCHALLENGERMATCH-26JUL13ARSMAR|Arseneault vs Martin|Nicolas Arseneault|yes|1783995927609|0.94|0.0|0.0|trade|42.37|0.0|yes|1783996226000|1783996349516
KXATPCHALLENGERMATCH-26JUL13ARSMAR|Arseneault vs Martin|Nicolas Arseneault|yes|1783995927609|0.94|0.93|0.94|ticker|4243419.64|1596245.16||1783996226000|1783996349516
KXATPCHALLENGERMATCH-26JUL13ARSMAR|Arseneault vs Martin|Nicolas Arseneault|yes|1783995928073|0.94|0.0|0.0|trade|104.0|0.0|yes|1783996226000|1783996349516
KXATPCHALLENGERMATCH-26JUL13ARSMAR|Arseneault vs Martin|Nicolas Arseneault|yes|1783995928571|0.93|0.0|0.0|trade|22.15|0.0|no|1783996226000|1783996349516
KXATPCHALLENGERMATCH-26JUL13ARSMAR|Arseneault vs Martin|Nicolas Arseneault|yes|1783995928571|0.93|0.93|0.94|ticker|4243671.94|1596408.86||1783996226000|1783996349516
KXATPCHALLENGERMATCH-26JUL13ARSMAR|Arseneault vs Martin|Nicolas Arseneault|yes|1783995929234|0.94|0.0|0.0|trade|8.47|0.0|yes|1783996226000|1783996349516
KXATPCHALLENGERMATCH-26JUL13ARSMAR|Arseneault vs Martin|Nicolas Arseneault|yes|1783995929355|0.93|0.0|0.0|trade|71.88|0.0|no|1783996226000|1783996349516
KXATPCHALLENGERMATCH-26JUL13ARSMAR|Arseneault vs Martin|Nicolas Arseneault|yes|1783995929726|0.94|0.0|0.0|trade|251.07|0.0|yes|1783996226000|1783996349516
KXATPCHALLENGERMATCH-26JUL13ARSMAR|Arseneault vs Martin|Nicolas Arseneault|yes|1783995929850|0.94|0.93|0.94|ticker|4244334.78|1596784.18||1783996226000|1783996349516
KXATPCHALLENGERMATCH-26JUL13ARSMAR|Arseneault vs Martin|Nicolas Arseneault|yes|1783995930290|0.94|0.0|0.0|trade|21.18|0.0|yes|1783996226000|1783996349516
KXATPCHALLENGERMATCH-26JUL13ARSMAR|Arseneault vs Martin|Nicolas Arseneault|yes|1783995930355|0.94|0.0|0.0|trade|215.05|0.0|yes|1783996226000|1783996349516
KXATPCHALLENGERMATCH-26JUL13ARSMAR|Arseneault vs Martin|Nicolas Arseneault|yes|1783995930684|0.93|0.0|0.0|trade|82.99|0.0|no|1783996226000|1783996349516
KXATPCHALLENGERMATCH-26JUL13ARSMAR|Arseneault vs Martin|Nicolas Arseneault|yes|1783995930832|0.93|0.0|0.0|trade|14.38|0.0|no|1783996226000|1783996349516
KXATPCHALLENGERMATCH-26JUL13ARSMAR|Arseneault vs Martin|Nicolas Arseneault|yes|1783995930832|0.93|0.93|0.94|ticker|4245001.98|1597061.9||1783996226000|1783996349516
KXATPCHALLENGERMATCH-26JUL13ARSMAR|Arseneault vs Martin|Nicolas Arseneault|yes|1783995931285|0.93|0.0|0.0|trade|80.54|0.0|no|1783996226000|1783996349516
KXATPCHALLENGERMATCH-26JUL13ARSMAR|Arseneault vs Martin|Nicolas Arseneault|yes|1783995931332|0.94|0.0|0.0|trade|26.48|0.0|yes|1783996226000|1783996349516
KXATPCHALLENGERMATCH-26JUL13ARSMAR|Arseneault vs Martin|Nicolas Arseneault|yes|1783995931633|0.94|0.0|0.0|trade|117.59|0.0|yes|1783996226000|1783996349516
KXATPCHALLENGERMATCH-26JUL13ARSMAR|Arseneault vs Martin|Nicolas Arseneault|yes|1783995931633|0.94|0.93|0.94|ticker|4245451.2|1597188.96||1783996226000|1783996349516
KXATPCHALLENGERMATCH-26JUL13ARSMAR|Arseneault vs Martin|Nicolas Arseneault|yes|1783995931920|0.93|0.0|0.0|trade|67.52|0.0|no|1783996226000|1783996349516
KXATPCHALLENGERMATCH-26JUL13ARSMAR|Arseneault vs Martin|Nicolas Arseneault|yes|1783995932248|0.93|0.0|0.0|trade|143.29|0.0|no|1783996226000|1783996349516
KXATPCHALLENGERMATCH-26JUL13ARSMAR|Arseneault vs Martin|Nicolas Arseneault|yes|1783995932248|0.93|0.0|0.0|trade|9867.31|0.0|no|1783996226000|1783996349516
KXATPCHALLENGERMATCH-26JUL13ARSMAR|Arseneault vs Martin|Nicolas Arseneault|yes|1783995932259|0.94|0.0|0.0|trade|19.06|0.0|yes|1783996226000|1783996349516
KXATPCHALLENGERMATCH-26JUL13ARSMAR|Arseneault vs Martin|Nicolas Arseneault|yes|1783995932694|0.93|0.0|0.0|trade|4.45|0.0|no|1783996226000|1783996349516
KXATPCHALLENGERMATCH-26JUL13ARSMAR|Arseneault vs Martin|Nicolas Arseneault|yes|1783995932803|0.94|0.0|0.0|trade|15.89|0.0|yes|1783996226000|1783996349516
KXATPCHALLENGERMATCH-26JUL13ARSMAR|Arseneault vs Martin|Nicolas Arseneault|yes|1783995932803|0.94|0.93|0.94|ticker|4265686.24|1577093.72||1783996226000|1783996349516
KXATPCHALLENGERMATCH-26JUL13ARSMAR|Arseneault vs Martin|Nicolas Arseneault|yes|1783995933144|0.94|0.0|0.0|trade|59.04|0.0|yes|1783996226000|1783996349516
KXATPCHALLENGERMATCH-26JUL13ARSMAR|Arseneault vs Martin|Nicolas Arseneault|yes|1783995933753|0.94|0.0|0.0|trade|31.78|0.0|yes|1783996226000|1783996349516
KXATPCHALLENGERMATCH-26JUL13ARSMAR|Arseneault vs Martin|Nicolas Arseneault|yes|1783995933859|0.94|0.93|0.94|ticker|4265867.88|1577275.36||1783996226000|1783996349516
KXATPCHALLENGERMATCH-26JUL13ARSMAR|Arseneault vs Martin|Nicolas Arseneault|yes|1783995934585|0.94|0.0|0.0|trade|1088.02|0.0|yes|1783996226000|1783996349516
KXATPCHALLENGERMATCH-26JUL13ARSMAR|Arseneault vs Martin|Nicolas Arseneault|yes|1783995934585|0.94|0.0|0.0|trade|1.0|0.0|yes|1783996226000|1783996349516
KXATPCHALLENGERMATCH-26JUL13ARSMAR|Arseneault vs Martin|Nicolas Arseneault|yes|1783995934585|0.94|0.0|0.0|trade|2311.59|0.0|yes|1783996226000|1783996349516
KXATPCHALLENGERMATCH-26JUL13ARSMAR|Arseneault vs Martin|Nicolas Arseneault|yes|1783995934639|0.94|0.93|0.94|ticker|4272669.1|1584076.58||1783996226000|1783996349516
KXATPCHALLENGERMATCH-26JUL13ARSMAR|Arseneault vs Martin|Nicolas Arseneault|yes|1783995935344|0.94|0.0|0.0|trade|104.0|0.0|yes|1783996226000|1783996349516
KXATPCHALLENGERMATCH-26JUL13ARSMAR|Arseneault vs Martin|Nicolas Arseneault|yes|1783995935363|0.94|0.0|0.0|trade|62.5|0.0|yes|1783996226000|1783996349516
KXATPCHALLENGERMATCH-26JUL13ARSMAR|Arseneault vs Martin|Nicolas Arseneault|yes|1783995935503|0.93|0.0|0.0|trade|27.0|0.0|no|1783996226000|1783996349516
KXATPCHALLENGERMATCH-26JUL13ARSMAR|Arseneault vs Martin|Nicolas Arseneault|yes|1783995935503|0.93|0.0|0.0|trade|66.05|0.0|no|1783996226000|1783996349516
KXATPCHALLENGERMATCH-26JUL13ARSMAR|Arseneault vs Martin|Nicolas Arseneault|yes|1783995935702|0.93|0.0|0.0|trade|89.07|0.0|no|1783996226000|1783996349516
KXATPCHALLENGERMATCH-26JUL13ARSMAR|Arseneault vs Martin|Nicolas Arseneault|yes|1783995935846|0.94|0.0|0.0|trade|100.0|0.0|yes|1783996226000|1783996349516
KXATPCHALLENGERMATCH-26JUL13ARSMAR|Arseneault vs Martin|Nicolas Arseneault|yes|1783995935846|0.94|0.0|0.0|trade|5.0|0.0|yes|1783996226000|1783996349516
KXATPCHALLENGERMATCH-26JUL13ARSMAR|Arseneault vs Martin|Nicolas Arseneault|yes|1783995935846|0.94|0.0|0.0|trade|1895.0|0.0|yes|1783996226000|1783996349516
KXATPCHALLENGERMATCH-26JUL13ARSMAR|Arseneault vs Martin|Nicolas Arseneault|yes|1783995935852|0.94|0.0|0.0|trade|118.65|0.0|yes|1783996226000|1783996349516
KXATPCHALLENGERMATCH-26JUL13ARSMAR|Arseneault vs Martin|Nicolas Arseneault|yes|1783995935873|0.94|0.93|0.94|ticker|4277603.64|1588082.64||1783996226000|1783996349516
KXATPCHALLENGERMATCH-26JUL13ARSMAR|Arseneault vs Martin|Nicolas Arseneault|yes|1783995936847|0.94|0.0|0.0|trade|1.0|0.0|yes|1783996226000|1783996349516
KXATPCHALLENGERMATCH-26JUL13ARSMAR|Arseneault vs Martin|Nicolas Arseneault|yes|1783995936847|0.94|0.0|0.0|trade|11.67|0.0|yes|1783996226000|1783996349516
KXATPCHALLENGERMATCH-26JUL13ARSMAR|Arseneault vs Martin|Nicolas Arseneault|yes|1783995936865|0.94|0.93|0.94|ticker|4277628.98|1588107.98||1783996226000|1783996349516
KXATPCHALLENGERMATCH-26JUL13ARSMAR|Arseneault vs Martin|Nicolas Arseneault|yes|1783995936954|0.94|0.0|0.0|trade|73.33|0.0|yes|1783996226000|1783996349516
KXATPCHALLENGERMATCH-26JUL13ARSMAR|Arseneault vs Martin|Nicolas Arseneault|yes|1783995936954|0.94|0.0|0.0|trade|46.0|0.0|yes|1783996226000|1783996349516
KXATPCHALLENGERMATCH-26JUL13ARSMAR|Arseneault vs Martin|Nicolas Arseneault|yes|1783995936954|0.94|0.0|0.0|trade|11.67|0.0|yes|1783996226000|1783996349516
KXATPCHALLENGERMATCH-26JUL13ARSMAR|Arseneault vs Martin|Nicolas Arseneault|yes|1783995936954|0.95|0.0|0.0|trade|8.0|0.0|yes|1783996226000|1783996349516
KXATPCHALLENGERMATCH-26JUL13ARSMAR|Arseneault vs Martin|Nicolas Arseneault|yes|1783995936954|0.95|0.0|0.0|trade|50.0|0.0|yes|1783996226000|1783996349516
KXATPCHALLENGERMATCH-26JUL13ARSMAR|Arseneault vs Martin|Nicolas Arseneault|yes|1783995936954|0.95|0.0|0.0|trade|50.0|0.0|yes|1783996226000|1783996349516
KXATPCHALLENGERMATCH-26JUL13ARSMAR|Arseneault vs Martin|Nicolas Arseneault|yes|1783995936954|0.95|0.0|0.0|trade|16.04|0.0|yes|1783996226000|1783996349516
KXATPCHALLENGERMATCH-26JUL13ARSMAR|Arseneault vs Martin|Nicolas Arseneault|yes|1783995936954|0.95|0.0|0.0|trade|1.27|0.0|yes|1783996226000|1783996349516
KXATPCHALLENGERMATCH-26JUL13ARSMAR|Arseneault vs Martin|Nicolas Arseneault|yes|1783995936954|0.95|0.0|0.0|trade|4.78|0.0|yes|1783996226000|1783996349516
KXATPCHALLENGERMATCH-26JUL13ARSMAR|Arseneault vs Martin|Nicolas Arseneault|yes|1783995936954|0.95|0.0|0.0|trade|51.22|0.0|yes|1783996226000|1783996349516
KXATPCHALLENGERMATCH-26JUL13ARSMAR|Arseneault vs Martin|Nicolas Arseneault|yes|1783995936954|0.95|0.0|0.0|trade|5.75|0.0|yes|1783996226000|1783996349516
KXATPCHALLENGERMATCH-26JUL13ARSMAR|Arseneault vs Martin|Nicolas Arseneault|yes|1783995936954|0.95|0.0|0.0|trade|120.9|0.0|yes|1783996226000|1783996349516
KXATPCHALLENGERMATCH-26JUL13ARSMAR|Arseneault vs Martin|Nicolas Arseneault|yes|1783995936954|0.95|0.0|0.0|trade|109.0|0.0|yes|1783996226000|1783996349516
KXATPCHALLENGERMATCH-26JUL13ARSMAR|Arseneault vs Martin|Nicolas Arseneault|yes|1783995936954|0.95|0.0|0.0|trade|52.0|0.0|yes|1783996226000|1783996349516
KXATPCHALLENGERMATCH-26JUL13ARSMAR|Arseneault vs Martin|Nicolas Arseneault|yes|1783995936954|0.95|0.0|0.0|trade|438.23|0.0|yes|1783996226000|1783996349516
KXATPCHALLENGERMATCH-26JUL13ARSMAR|Arseneault vs Martin|Nicolas Arseneault|yes|1783995936986|0.93|0.0|0.0|trade|5.0|0.0|no|1783996226000|1783996349516
KXATPCHALLENGERMATCH-26JUL13ARSMAR|Arseneault vs Martin|Nicolas Arseneault|yes|1783995936986|0.93|0.0|0.0|trade|1.0|0.0|no|1783996226000|1783996349516
KXATPCHALLENGERMATCH-26JUL13ARSMAR|Arseneault vs Martin|Nicolas Arseneault|yes|1783995936986|0.93|0.0|0.0|trade|12.46|0.0|no|1783996226000|1783996349516
KXATPCHALLENGERMATCH-26JUL13ARSMAR|Arseneault vs Martin|Nicolas Arseneault|yes|1783995937362|0.96|0.0|0.0|trade|340.0|0.0|yes|1783996226000|1783996349516
KXATPCHALLENGERMATCH-26JUL13ARSMAR|Arseneault vs Martin|Nicolas Arseneault|yes|1783995937858|0.96|0.93|0.96|ticker|4280422.28|1590234.44||1783996226000|1783996349516
KXATPCHALLENGERMATCH-26JUL13ARSMAR|Arseneault vs Martin|Nicolas Arseneault|yes|1783995938466|0.93|0.0|0.0|trade|28.94|0.0|no|1783996226000|1783996349516
KXATPCHALLENGERMATCH-26JUL13ARSMAR|Arseneault vs Martin|Nicolas Arseneault|yes|1783995938466|0.93|0.93|0.96|ticker|4280480.16|1590234.44||1783996226000|1783996349516
KXATPCHALLENGERMATCH-26JUL13ARSMAR|Arseneault vs Martin|Nicolas Arseneault|yes|1783995940330|0.96|0.0|0.0|trade|160.0|0.0|yes|1783996226000|1783996349516
KXATPCHALLENGERMATCH-26JUL13ARSMAR|Arseneault vs Martin|Nicolas Arseneault|yes|1783995940330|0.96|0.0|0.0|trade|1.0|0.0|yes|1783996226000|1783996349516
KXATPCHALLENGERMATCH-26JUL13ARSMAR|Arseneault vs Martin|Nicolas Arseneault|yes|1783995940330|0.96|0.0|0.0|trade|1.5|0.0|yes|1783996226000|1783996349516
KXATPCHALLENGERMATCH-26JUL13ARSMAR|Arseneault vs Martin|Nicolas Arseneault|yes|1783995940330|0.96|0.0|0.0|trade|2.68|0.0|yes|1783996226000|1783996349516
KXATPCHALLENGERMATCH-26JUL13ARSMAR|Arseneault vs Martin|Nicolas Arseneault|yes|1783995940330|0.96|0.0|0.0|trade|6.99|0.0|yes|1783996226000|1783996349516
KXATPCHALLENGERMATCH-26JUL13ARSMAR|Arseneault vs Martin|Nicolas Arseneault|yes|1783995940330|0.96|0.0|0.0|trade|6.47|0.0|yes|1783996226000|1783996349516
KXATPCHALLENGERMATCH-26JUL13ARSMAR|Arseneault vs Martin|Nicolas Arseneault|yes|1783995940330|0.96|0.0|0.0|trade|13.8|0.0|yes|1783996226000|1783996349516
KXATPCHALLENGERMATCH-26JUL13ARSMAR|Arseneault vs Martin|Nicolas Arseneault|yes|1783995940330|0.96|0.0|0.0|trade|3.83|0.0|yes|1783996226000|1783996349516
KXATPCHALLENGERMATCH-26JUL13ARSMAR|Arseneault vs Martin|Nicolas Arseneault|yes|1783995940330|0.96|0.0|0.0|trade|23.03|0.0|yes|1783996226000|1783996349516
KXATPCHALLENGERMATCH-26JUL13ARSMAR|Arseneault vs Martin|Nicolas Arseneault|yes|1783995940330|0.96|0.0|0.0|trade|17.75|0.0|yes|1783996226000|1783996349516
KXATPCHALLENGERMATCH-26JUL13ARSMAR|Arseneault vs Martin|Nicolas Arseneault|yes|1783995940330|0.96|0.0|0.0|trade|43.0|0.0|yes|1783996226000|1783996349516
KXATPCHALLENGERMATCH-26JUL13ARSMAR|Arseneault vs Martin|Nicolas Arseneault|yes|1783995940330|0.96|0.0|0.0|trade|11.26|0.0|yes|1783996226000|1783996349516
KXATPCHALLENGERMATCH-26JUL13ARSMAR|Arseneault vs Martin|Nicolas Arseneault|yes|1783995940330|0.96|0.0|0.0|trade|222.69|0.0|yes|1783996226000|1783996349516
KXATPCHALLENGERMATCH-26JUL13ARSMAR|Arseneault vs Martin|Nicolas Arseneault|yes|1783995940699|0.96|0.0|0.0|trade|55.69|0.0|yes|1783996226000|1783996349516
KXATPCHALLENGERMATCH-26JUL13ARSMAR|Arseneault vs Martin|Nicolas Arseneault|yes|1783995940699|0.96|0.0|0.0|trade|1.0|0.0|yes|1783996226000|1783996349516
KXATPCHALLENGERMATCH-26JUL13ARSMAR|Arseneault vs Martin|Nicolas Arseneault|yes|1783995940699|0.96|0.0|0.0|trade|21.21|0.0|yes|1783996226000|1783996349516
KXATPCHALLENGERMATCH-26JUL13ARSMAR|Arseneault vs Martin|Nicolas Arseneault|yes|1783995940699|0.96|0.94|0.96|ticker|4281663.96|1590842.66||1783996226000|1783996349516
KXATPCHALLENGERMATCH-26JUL13ARSMAR|Arseneault vs Martin|Nicolas Arseneault|yes|1783995941458|0.94|0.0|0.0|trade|30.0|0.0|no|1783996226000|1783996349516
KXATPCHALLENGERMATCH-26JUL13ARSMAR|Arseneault vs Martin|Nicolas Arseneault|yes|1783995941458|0.94|0.0|0.0|trade|1.0|0.0|no|1783996226000|1783996349516
KXATPCHALLENGERMATCH-26JUL13ARSMAR|Arseneault vs Martin|Nicolas Arseneault|yes|1783995941458|0.93|0.0|0.0|trade|56.0|0.0|no|1783996226000|1783996349516
KXATPCHALLENGERMATCH-26JUL13ARSMAR|Arseneault vs Martin|Nicolas Arseneault|yes|1783995941798|0.93|0.93|0.96|ticker|4281837.96|1590840.66||1783996226000|1783996349516
KXATPCHALLENGERMATCH-26JUL13ARSMAR|Arseneault vs Martin|Nicolas Arseneault|yes|1783995941929|0.93|0.0|0.0|trade|69.02|0.0|no|1783996226000|1783996349516
KXATPCHALLENGERMATCH-26JUL13ARSMAR|Arseneault vs Martin|Nicolas Arseneault|yes|1783995941938|0.93|0.0|0.0|trade|9.85|0.0|no|1783996226000|1783996349516
KXATPCHALLENGERMATCH-26JUL13ARSMAR|Arseneault vs Martin|Nicolas Arseneault|yes|1783995942373|0.96|0.0|0.0|trade|478.79|0.0|yes|1783996226000|1783996349516
KXATPCHALLENGERMATCH-26JUL13ARSMAR|Arseneault vs Martin|Nicolas Arseneault|yes|1783995942373|0.96|0.0|0.0|trade|23.0|0.0|yes|1783996226000|1783996349516
KXATPCHALLENGERMATCH-26JUL13ARSMAR|Arseneault vs Martin|Nicolas Arseneault|yes|1783995942373|0.96|0.0|0.0|trade|46.0|0.0|yes|1783996226000|1783996349516
KXATPCHALLENGERMATCH-26JUL13ARSMAR|Arseneault vs Martin|Nicolas Arseneault|yes|1783995942373|0.96|0.0|0.0|trade|1.0|0.0|yes|1783996226000|1783996349516
KXATPCHALLENGERMATCH-26JUL13ARSMAR|Arseneault vs Martin|Nicolas Arseneault|yes|1783995942373|0.97|0.0|0.0|trade|1.0|0.0|yes|1783996226000|1783996349516
KXATPCHALLENGERMATCH-26JUL13ARSMAR|Arseneault vs Martin|Nicolas Arseneault|yes|1783995942373|0.97|0.0|0.0|trade|14.91|0.0|yes|1783996226000|1783996349516
KXATPCHALLENGERMATCH-26JUL13ARSMAR|Arseneault vs Martin|Nicolas Arseneault|yes|1783995942373|0.97|0.0|0.0|trade|11.57|0.0|yes|1783996226000|1783996349516
KXATPCHALLENGERMATCH-26JUL13ARSMAR|Arseneault vs Martin|Nicolas Arseneault|yes|1783995942373|0.97|0.0|0.0|trade|1.47|0.0|yes|1783996226000|1783996349516
KXATPCHALLENGERMATCH-26JUL13ARSMAR|Arseneault vs Martin|Nicolas Arseneault|yes|1783995942373|0.97|0.0|0.0|trade|20.43|0.0|yes|1783996226000|1783996349516
KXATPCHALLENGERMATCH-26JUL13ARSMAR|Arseneault vs Martin|Nicolas Arseneault|yes|1783995942373|0.97|0.0|0.0|trade|12.78|0.0|yes|1783996226000|1783996349516
KXATPCHALLENGERMATCH-26JUL13ARSMAR|Arseneault vs Martin|Nicolas Arseneault|yes|1783995942373|0.97|0.0|0.0|trade|51.0|0.0|yes|1783996226000|1783996349516
KXATPCHALLENGERMATCH-26JUL13ARSMAR|Arseneault vs Martin|Nicolas Arseneault|yes|1783995942373|0.97|0.0|0.0|trade|120.0|0.0|yes|1783996226000|1783996349516
KXATPCHALLENGERMATCH-26JUL13ARSMAR|Arseneault vs Martin|Nicolas Arseneault|yes|1783995942373|0.97|0.0|0.0|trade|21.0|0.0|yes|1783996226000|1783996349516
KXATPCHALLENGERMATCH-26JUL13ARSMAR|Arseneault vs Martin|Nicolas Arseneault|yes|1783995942373|0.97|0.0|0.0|trade|644.0|0.0|yes|1783996226000|1783996349516
KXATPCHALLENGERMATCH-26JUL13ARSMAR|Arseneault vs Martin|Nicolas Arseneault|yes|1783995942840|0.97|0.0|0.0|trade|12.0|0.0|yes|1783996226000|1783996349516
KXATPCHALLENGERMATCH-26JUL13ARSMAR|Arseneault vs Martin|Nicolas Arseneault|yes|1783995942840|0.97|0.96|0.97|ticker|4284913.6|1593636.24||1783996226000|1783996349516
KXATPCHALLENGERMATCH-26JUL13ARSMAR|Arseneault vs Martin|Nicolas Arseneault|yes|1783995943784|0.97|0.96|0.97|ticker|4284913.6|1593636.24||1783996226000|1783996349516
KXATPCHALLENGERMATCH-26JUL13ARSMAR|Arseneault vs Martin|Nicolas Arseneault|yes|1783995944047|0.96|0.0|0.0|trade|132.93|0.0|no|1783996226000|1783996349516
KXATPCHALLENGERMATCH-26JUL13ARSMAR|Arseneault vs Martin|Nicolas Arseneault|yes|1783995944281|0.98|0.0|0.0|trade|1.13|0.0|yes|1783996226000|1783996349516
KXATPCHALLENGERMATCH-26JUL13ARSMAR|Arseneault vs Martin|Nicolas Arseneault|yes|1783995944281|0.98|0.0|0.0|trade|37.61|0.0|yes|1783996226000|1783996349516
KXATPCHALLENGERMATCH-26JUL13ARSMAR|Arseneault vs Martin|Nicolas Arseneault|yes|1783995944281|0.98|0.0|0.0|trade|33.09|0.0|yes|1783996226000|1783996349516
KXATPCHALLENGERMATCH-26JUL13ARSMAR|Arseneault vs Martin|Nicolas Arseneault|yes|1783995944598|0.96|0.0|0.0|trade|20.7|0.0|no|1783996226000|1783996349516
KXATPCHALLENGERMATCH-26JUL13ARSMAR|Arseneault vs Martin|Nicolas Arseneault|yes|1783995944837|0.96|0.96|0.98|ticker|4285364.52|1593185.32||1783996226000|1783996349516
KXATPCHALLENGERMATCH-26JUL13ARSMAR|Arseneault vs Martin|Nicolas Arseneault|yes|1783995944963|0.96|0.0|0.0|trade|30.0|0.0|no|1783996226000|1783996349516
KXATPCHALLENGERMATCH-26JUL13ARSMAR|Arseneault vs Martin|Nicolas Arseneault|yes|1783995944986|0.96|0.0|0.0|trade|763.42|0.0|no|1783996226000|1783996349516
KXATPCHALLENGERMATCH-26JUL13ARSMAR|Arseneault vs Martin|Nicolas Arseneault|yes|1783995944986|0.96|0.0|0.0|trade|1.0|0.0|no|1783996226000|1783996349516
KXATPCHALLENGERMATCH-26JUL13ARSMAR|Arseneault vs Martin|Nicolas Arseneault|yes|1783995945019|0.95|0.0|0.0|trade|40.86|0.0|no|1783996226000|1783996349516
KXATPCHALLENGERMATCH-26JUL13ARSMAR|Arseneault vs Martin|Nicolas Arseneault|yes|1783995945140|0.95|0.94|0.98|ticker|4287035.08|1591514.76||17839

... [OUTPUT TRUNCATED - 2935892 chars omitted out of 2985892 total] ...

0767.5||1784057414000|1784057539496
KXWTAMATCH-26JUL13SAKTON|Sakellaridi vs Tona|Miriana Tona|yes|1784057467385|0.99|0.99|1.0|ticker|1831385.16|780767.5||1784057414000|1784057539496
KXWTAMATCH-26JUL13SAKTON|Sakellaridi vs Tona|Miriana Tona|yes|1784057473569|0.99|0.0|1.0|ticker|1831385.16|780767.5||1784057414000|1784057539496
KXWTAMATCH-26JUL14AMAJAC|Amariei vs Jacquemot|Elsa Jacquemot|yes|1784056662077|0.99|0.0|0.0|trade|183.16|0.0|no|1784056862000|1784056989842
KXWTAMATCH-26JUL14AMAJAC|Amariei vs Jacquemot|Elsa Jacquemot|yes|1784056662077|0.99|0.99|1.0|ticker|773936.82|384423.74||1784056862000|1784056989842
KXWTAMATCH-26JUL14AMAJAC|Amariei vs Jacquemot|Elsa Jacquemot|yes|1784056664825|0.99|0.0|0.0|trade|592.07|0.0|no|1784056862000|1784056989842
KXWTAMATCH-26JUL14AMAJAC|Amariei vs Jacquemot|Elsa Jacquemot|yes|1784056664825|0.99|0.99|1.0|ticker|775120.96|384423.74||1784056862000|1784056989842
KXWTAMATCH-26JUL14AMAJAC|Amariei vs Jacquemot|Elsa Jacquemot|yes|1784056665972|0.99|0.0|0.0|trade|49.1|0.0|no|1784056862000|1784056989842
KXWTAMATCH-26JUL14AMAJAC|Amariei vs Jacquemot|Elsa Jacquemot|yes|1784056665972|0.99|0.99|1.0|ticker|775219.16|384423.74||1784056862000|1784056989842
KXWTAMATCH-26JUL14AMAJAC|Amariei vs Jacquemot|Elsa Jacquemot|yes|1784056668811|0.99|0.0|0.0|trade|0.56|0.0|no|1784056862000|1784056989842
KXWTAMATCH-26JUL14AMAJAC|Amariei vs Jacquemot|Elsa Jacquemot|yes|1784056668811|0.99|0.99|1.0|ticker|775220.28|384423.74||1784056862000|1784056989842
KXWTAMATCH-26JUL14AMAJAC|Amariei vs Jacquemot|Elsa Jacquemot|yes|1784056674720|0.99|0.99|1.0|ticker|775220.28|384423.74||1784056862000|1784056989842
KXWTAMATCH-26JUL14AMAJAC|Amariei vs Jacquemot|Elsa Jacquemot|yes|1784056686509|0.99|0.0|0.0|trade|1549.66|0.0|no|1784056862000|1784056989842
KXWTAMATCH-26JUL14AMAJAC|Amariei vs Jacquemot|Elsa Jacquemot|yes|1784056686509|0.99|0.0|0.0|trade|5000.0|0.0|no|1784056862000|1784056989842
KXWTAMATCH-26JUL14AMAJAC|Amariei vs Jacquemot|Elsa Jacquemot|yes|1784056686509|0.99|0.0|0.0|trade|23.0|0.0|no|1784056862000|1784056989842
KXWTAMATCH-26JUL14AMAJAC|Amariei vs Jacquemot|Elsa Jacquemot|yes|1784056686509|0.99|0.0|0.0|trade|3426.34|0.0|no|1784056862000|1784056989842
KXWTAMATCH-26JUL14AMAJAC|Amariei vs Jacquemot|Elsa Jacquemot|yes|1784056686509|0.99|0.99|1.0|ticker|795218.28|399677.26||1784056862000|1784056989842
KXWTAMATCH-26JUL14AMAJAC|Amariei vs Jacquemot|Elsa Jacquemot|yes|1784056689961|0.99|0.99|1.0|ticker|795218.28|399677.26||1784056862000|1784056989842
KXWTAMATCH-26JUL14AMAJAC|Amariei vs Jacquemot|Elsa Jacquemot|yes|1784056695424|0.99|0.0|0.0|trade|11473.66|0.0|no|1784056862000|1784056989842
KXWTAMATCH-26JUL14AMAJAC|Amariei vs Jacquemot|Elsa Jacquemot|yes|1784056695424|0.99|0.0|0.0|trade|15100.0|0.0|no|1784056862000|1784056989842
KXWTAMATCH-26JUL14AMAJAC|Amariei vs Jacquemot|Elsa Jacquemot|yes|1784056695424|0.99|0.0|0.0|trade|10000.0|0.0|no|1784056862000|1784056989842
KXWTAMATCH-26JUL14AMAJAC|Amariei vs Jacquemot|Elsa Jacquemot|yes|1784056695424|0.99|0.0|0.0|trade|4900.0|0.0|no|1784056862000|1784056989842
KXWTAMATCH-26JUL14AMAJAC|Amariei vs Jacquemot|Elsa Jacquemot|yes|1784056695424|0.99|0.0|0.0|trade|1050.0|0.0|no|1784056862000|1784056989842
KXWTAMATCH-26JUL14AMAJAC|Amariei vs Jacquemot|Elsa Jacquemot|yes|1784056695424|0.99|0.0|0.0|trade|1050.0|0.0|no|1784056862000|1784056989842
KXWTAMATCH-26JUL14AMAJAC|Amariei vs Jacquemot|Elsa Jacquemot|yes|1784056695424|0.99|0.0|0.0|trade|400.0|0.0|no|1784056862000|1784056989842
KXWTAMATCH-26JUL14AMAJAC|Amariei vs Jacquemot|Elsa Jacquemot|yes|1784056695424|0.99|0.0|0.0|trade|400.0|0.0|no|1784056862000|1784056989842
KXWTAMATCH-26JUL14AMAJAC|Amariei vs Jacquemot|Elsa Jacquemot|yes|1784056695424|0.99|0.0|0.0|trade|1630.0|0.0|no|1784056862000|1784056989842
KXWTAMATCH-26JUL14AMAJAC|Amariei vs Jacquemot|Elsa Jacquemot|yes|1784056695424|0.99|0.0|0.0|trade|250.0|0.0|no|1784056862000|1784056989842
KXWTAMATCH-26JUL14AMAJAC|Amariei vs Jacquemot|Elsa Jacquemot|yes|1784056695424|0.99|0.99|1.0|ticker|887725.6|492184.58||1784056862000|1784056989842
KXWTAMATCH-26JUL14AMAJAC|Amariei vs Jacquemot|Elsa Jacquemot|yes|1784056714464|0.99|0.99|1.0|ticker|887725.6|492184.58||1784056862000|1784056989842
KXWTAMATCH-26JUL14AMAJAC|Amariei vs Jacquemot|Elsa Jacquemot|yes|1784056722085|0.99|0.99|1.0|ticker|887725.6|492184.58||1784056862000|1784056989842
KXWTAMATCH-26JUL14AMAJAC|Amariei vs Jacquemot|Elsa Jacquemot|yes|1784056725329|0.99|0.0|0.0|trade|10.0|0.0|no|1784056862000|1784056989842
KXWTAMATCH-26JUL14AMAJAC|Amariei vs Jacquemot|Elsa Jacquemot|yes|1784056725329|0.99|0.0|0.0|trade|24.17|0.0|no|1784056862000|1784056989842
KXWTAMATCH-26JUL14AMAJAC|Amariei vs Jacquemot|Elsa Jacquemot|yes|1784056725329|0.99|0.99|1.0|ticker|887793.94|492164.58||1784056862000|1784056989842
KXWTAMATCH-26JUL14AMAJAC|Amariei vs Jacquemot|Elsa Jacquemot|yes|1784056729928|0.99|0.0|0.0|trade|3359.46|0.0|no|1784056862000|1784056989842
KXWTAMATCH-26JUL14AMAJAC|Amariei vs Jacquemot|Elsa Jacquemot|yes|1784056729928|0.99|0.99|1.0|ticker|894512.86|492164.58||1784056862000|1784056989842
KXWTAMATCH-26JUL14AMAJAC|Amariei vs Jacquemot|Elsa Jacquemot|yes|1784056730435|0.99|0.0|0.0|trade|1678.94|0.0|no|1784056862000|1784056989842
KXWTAMATCH-26JUL14AMAJAC|Amariei vs Jacquemot|Elsa Jacquemot|yes|1784056730435|0.99|0.99|1.0|ticker|897870.74|492164.58||1784056862000|1784056989842
KXWTAMATCH-26JUL14AMAJAC|Amariei vs Jacquemot|Elsa Jacquemot|yes|1784056732069|0.99|0.99|1.0|ticker|897870.74|492164.58||1784056862000|1784056989842
KXWTAMATCH-26JUL14AMAJAC|Amariei vs Jacquemot|Elsa Jacquemot|yes|1784056733804|0.99|0.0|0.0|trade|19.47|0.0|no|1784056862000|1784056989842
KXWTAMATCH-26JUL14AMAJAC|Amariei vs Jacquemot|Elsa Jacquemot|yes|1784056733804|0.99|0.99|1.0|ticker|897909.68|492164.58||1784056862000|1784056989842
KXWTAMATCH-26JUL14AMAJAC|Amariei vs Jacquemot|Elsa Jacquemot|yes|1784056736759|0.99|0.0|0.0|trade|227.26|0.0|no|1784056862000|1784056989842
KXWTAMATCH-26JUL14AMAJAC|Amariei vs Jacquemot|Elsa Jacquemot|yes|1784056736759|0.99|0.99|1.0|ticker|898364.2|492164.58||1784056862000|1784056989842
KXWTAMATCH-26JUL14AMAJAC|Amariei vs Jacquemot|Elsa Jacquemot|yes|1784056738342|0.99|0.0|0.0|trade|1000.0|0.0|no|1784056862000|1784056989842
KXWTAMATCH-26JUL14AMAJAC|Amariei vs Jacquemot|Elsa Jacquemot|yes|1784056738342|0.99|0.99|1.0|ticker|900364.2|494164.58||1784056862000|1784056989842
KXWTAMATCH-26JUL14AMAJAC|Amariei vs Jacquemot|Elsa Jacquemot|yes|1784056741232|0.99|0.0|0.0|trade|3690.7|0.0|no|1784056862000|1784056989842
KXWTAMATCH-26JUL14AMAJAC|Amariei vs Jacquemot|Elsa Jacquemot|yes|1784056741286|0.99|0.94|0.99|ticker|907745.6|501545.98||1784056862000|1784056989842
KXWTAMATCH-26JUL14AMAJAC|Amariei vs Jacquemot|Elsa Jacquemot|yes|1784056741641|0.99|0.0|0.0|trade|442.0|0.0|yes|1784056862000|1784056989842
KXWTAMATCH-26JUL14AMAJAC|Amariei vs Jacquemot|Elsa Jacquemot|yes|1784056742331|0.99|0.98|0.99|ticker|908629.6|502429.98||1784056862000|1784056989842
KXWTAMATCH-26JUL14AMAJAC|Amariei vs Jacquemot|Elsa Jacquemot|yes|1784056742351|0.99|0.98|0.99|ticker|908629.6|502429.98||1784056862000|1784056989842
KXWTAMATCH-26JUL14AMAJAC|Amariei vs Jacquemot|Elsa Jacquemot|yes|1784056745336|0.99|0.97|0.99|ticker|908629.6|502429.98||1784056862000|1784056989842
KXWTAMATCH-26JUL14AMAJAC|Amariei vs Jacquemot|Elsa Jacquemot|yes|1784056746277|0.99|0.98|0.99|ticker|908629.6|502429.98||1784056862000|1784056989842
KXWTAMATCH-26JUL14AMAJAC|Amariei vs Jacquemot|Elsa Jacquemot|yes|1784056750279|0.99|0.98|0.99|ticker|908629.6|502429.98||1784056862000|1784056989842
KXWTAMATCH-26JUL14AMAJAC|Amariei vs Jacquemot|Elsa Jacquemot|yes|1784056751064|0.99|0.98|0.99|ticker|908629.6|502429.98||1784056862000|1784056989842
KXWTAMATCH-26JUL14AMAJAC|Amariei vs Jacquemot|Elsa Jacquemot|yes|1784056754668|0.99|0.0|0.0|trade|5.0|0.0|yes|1784056862000|1784056989842
KXWTAMATCH-26JUL14AMAJAC|Amariei vs Jacquemot|Elsa Jacquemot|yes|1784056755329|0.99|0.0|0.0|trade|5.0|0.0|yes|1784056862000|1784056989842
KXWTAMATCH-26JUL14AMAJAC|Amariei vs Jacquemot|Elsa Jacquemot|yes|1784056755329|0.99|0.98|0.99|ticker|908649.6|502449.98||1784056862000|1784056989842
KXWTAMATCH-26JUL14AMAJAC|Amariei vs Jacquemot|Elsa Jacquemot|yes|1784056755489|0.99|0.98|0.99|ticker|908649.6|502449.98||1784056862000|1784056989842
KXWTAMATCH-26JUL14AMAJAC|Amariei vs Jacquemot|Elsa Jacquemot|yes|1784056765324|0.99|0.94|0.99|ticker|908649.6|502449.98||1784056862000|1784056989842
KXWTAMATCH-26JUL14AMAJAC|Amariei vs Jacquemot|Elsa Jacquemot|yes|1784056766342|0.99|0.98|0.99|ticker|908649.6|502449.98||1784056862000|1784056989842
KXWTAMATCH-26JUL14AMAJAC|Amariei vs Jacquemot|Elsa Jacquemot|yes|1784056766410|0.99|0.98|0.99|ticker|908649.6|502449.98||1784056862000|1784056989842
KXWTAMATCH-26JUL14AMAJAC|Amariei vs Jacquemot|Elsa Jacquemot|yes|1784056768134|0.99|0.98|0.99|ticker|908649.6|502449.98||1784056862000|1784056989842
KXWTAMATCH-26JUL14AMAJAC|Amariei vs Jacquemot|Elsa Jacquemot|yes|1784056768451|0.99|0.98|0.99|ticker|908649.6|502449.98||1784056862000|1784056989842
KXWTAMATCH-26JUL14AMAJAC|Amariei vs Jacquemot|Elsa Jacquemot|yes|1784056769680|0.99|0.98|0.99|ticker|908649.6|502449.98||1784056862000|1784056989842
KXWTAMATCH-26JUL14AMAJAC|Amariei vs Jacquemot|Elsa Jacquemot|yes|1784056770657|0.99|0.98|0.99|ticker|908649.6|502449.98||1784056862000|1784056989842
KXWTAMATCH-26JUL14AMAJAC|Amariei vs Jacquemot|Elsa Jacquemot|yes|1784056771833|0.99|0.98|0.99|ticker|908649.6|502449.98||1784056862000|1784056989842
KXWTAMATCH-26JUL14AMAJAC|Amariei vs Jacquemot|Elsa Jacquemot|yes|1784056779227|0.99|0.98|0.99|ticker|908649.6|502449.98||1784056862000|1784056989842
KXWTAMATCH-26JUL14AMAJAC|Amariei vs Jacquemot|Elsa Jacquemot|yes|1784056782497|0.99|0.98|0.99|ticker|908649.6|502449.98||1784056862000|1784056989842
KXWTAMATCH-26JUL14AMAJAC|Amariei vs Jacquemot|Elsa Jacquemot|yes|1784056800399|0.98|0.0|0.0|trade|5.0|0.0|no|1784056862000|1784056989842
KXWTAMATCH-26JUL14AMAJAC|Amariei vs Jacquemot|Elsa Jacquemot|yes|1784056800399|0.98|0.0|0.0|trade|930.8|0.0|no|1784056862000|1784056989842
KXWTAMATCH-26JUL14AMAJAC|Amariei vs Jacquemot|Elsa Jacquemot|yes|1784056800399|0.98|0.98|0.99|ticker|910521.2|504321.58||1784056862000|1784056989842
KXWTAMATCH-26JUL14AMAJAC|Amariei vs Jacquemot|Elsa Jacquemot|yes|1784056801374|0.98|0.98|0.99|ticker|910521.2|504321.58||1784056862000|1784056989842
KXWTAMATCH-26JUL14AMAJAC|Amariei vs Jacquemot|Elsa Jacquemot|yes|1784056807041|0.98|0.98|0.99|ticker|910521.2|504321.58||1784056862000|1784056989842
KXWTAMATCH-26JUL14AMAJAC|Amariei vs Jacquemot|Elsa Jacquemot|yes|1784056807497|0.98|0.98|0.99|ticker|910521.2|504321.58||1784056862000|1784056989842
KXWTAMATCH-26JUL14AMAJAC|Amariei vs Jacquemot|Elsa Jacquemot|yes|1784056808552|0.98|0.98|0.99|ticker|910521.2|504321.58||1784056862000|1784056989842
KXWTAMATCH-26JUL14AMAJAC|Amariei vs Jacquemot|Elsa Jacquemot|yes|1784056810104|0.98|0.98|0.99|ticker|910521.2|504321.58||1784056862000|1784056989842
KXWTAMATCH-26JUL14AMAJAC|Amariei vs Jacquemot|Elsa Jacquemot|yes|1784056812775|0.99|0.0|0.0|trade|1.0|0.0|yes|1784056862000|1784056989842
KXWTAMATCH-26JUL14AMAJAC|Amariei vs Jacquemot|Elsa Jacquemot|yes|1784056812775|0.99|0.98|0.99|ticker|910523.2|504323.58||1784056862000|1784056989842
KXWTAMATCH-26JUL14AMAJAC|Amariei vs Jacquemot|Elsa Jacquemot|yes|1784056826683|0.99|0.98|0.99|ticker|910523.2|504323.58||1784056862000|1784056989842
KXWTAMATCH-26JUL14AMAJAC|Amariei vs Jacquemot|Elsa Jacquemot|yes|1784056836807|0.98|0.0|0.0|trade|69.2|0.0|no|1784056862000|1784056989842
KXWTAMATCH-26JUL14AMAJAC|Amariei vs Jacquemot|Elsa Jacquemot|yes|1784056836807|0.98|0.0|0.0|trade|51.02|0.0|no|1784056862000|1784056989842
KXWTAMATCH-26JUL14AMAJAC|Amariei vs Jacquemot|Elsa Jacquemot|yes|1784056836807|0.98|0.0|0.0|trade|815.58|0.0|no|1784056862000|1784056989842
KXWTAMATCH-26JUL14AMAJAC|Amariei vs Jacquemot|Elsa Jacquemot|yes|1784056836920|0.98|0.98|0.99|ticker|912394.8|506195.18||1784056862000|1784056989842
KXWTAMATCH-26JUL14AMAJAC|Amariei vs Jacquemot|Elsa Jacquemot|yes|1784056843926|0.98|0.0|0.0|trade|184.42|0.0|no|1784056862000|1784056989842
KXWTAMATCH-26JUL14AMAJAC|Amariei vs Jacquemot|Elsa Jacquemot|yes|1784056843926|0.94|0.0|0.0|trade|100.0|0.0|no|1784056862000|1784056989842
KXWTAMATCH-26JUL14AMAJAC|Amariei vs Jacquemot|Elsa Jacquemot|yes|1784056843926|0.91|0.0|0.0|trade|300.0|0.0|no|1784056862000|1784056989842
KXWTAMATCH-26JUL14AMAJAC|Amariei vs Jacquemot|Elsa Jacquemot|yes|1784056843926|0.91|0.0|0.0|trade|108.72|0.0|no|1784056862000|1784056989842
KXWTAMATCH-26JUL14AMAJAC|Amariei vs Jacquemot|Elsa Jacquemot|yes|1784056843926|0.9|0.0|0.0|trade|22.0|0.0|no|1784056862000|1784056989842
KXWTAMATCH-26JUL14AMAJAC|Amariei vs Jacquemot|Elsa Jacquemot|yes|1784056843926|0.9|0.0|0.0|trade|22.0|0.0|no|1784056862000|1784056989842
KXWTAMATCH-26JUL14AMAJAC|Amariei vs Jacquemot|Elsa Jacquemot|yes|1784056843926|0.89|0.0|0.0|trade|7.0|0.0|no|1784056862000|1784056989842
KXWTAMATCH-26JUL14AMAJAC|Amariei vs Jacquemot|Elsa Jacquemot|yes|1784056843926|0.89|0.0|0.0|trade|7.0|0.0|no|1784056862000|1784056989842
KXWTAMATCH-26JUL14AMAJAC|Amariei vs Jacquemot|Elsa Jacquemot|yes|1784056843926|0.89|0.0|0.0|trade|7.0|0.0|no|1784056862000|1784056989842
KXWTAMATCH-26JUL14AMAJAC|Amariei vs Jacquemot|Elsa Jacquemot|yes|1784056843926|0.89|0.0|0.0|trade|7.0|0.0|no|1784056862000|1784056989842
KXWTAMATCH-26JUL14AMAJAC|Amariei vs Jacquemot|Elsa Jacquemot|yes|1784056843926|0.86|0.0|0.0|trade|58.0|0.0|no|1784056862000|1784056989842
KXWTAMATCH-26JUL14AMAJAC|Amariei vs Jacquemot|Elsa Jacquemot|yes|1784056843926|0.83|0.0|0.0|trade|100.0|0.0|no|1784056862000|1784056989842
KXWTAMATCH-26JUL14AMAJAC|Amariei vs Jacquemot|Elsa Jacquemot|yes|1784056843926|0.82|0.0|0.0|trade|98.13|0.0|no|1784056862000|1784056989842
KXWTAMATCH-26JUL14AMAJAC|Amariei vs Jacquemot|Elsa Jacquemot|yes|1784056844222|0.82|0.82|0.98|ticker|914437.34|504837.48||1784056862000|1784056989842
KXWTAMATCH-26JUL14AMAJAC|Amariei vs Jacquemot|Elsa Jacquemot|yes|1784056844359|0.98|0.0|0.0|trade|102.0|0.0|yes|1784056862000|1784056989842
KXWTAMATCH-26JUL14AMAJAC|Amariei vs Jacquemot|Elsa Jacquemot|yes|1784056844450|0.98|0.0|0.0|trade|0.04|0.0|yes|1784056862000|1784056989842
KXWTAMATCH-26JUL14AMAJAC|Amariei vs Jacquemot|Elsa Jacquemot|yes|1784056844450|0.98|0.0|0.0|trade|44.96|0.0|yes|1784056862000|1784056989842
KXWTAMATCH-26JUL14AMAJAC|Amariei vs Jacquemot|Elsa Jacquemot|yes|1784056844511|0.98|0.0|0.0|trade|0.04|0.0|yes|1784056862000|1784056989842
KXWTAMATCH-26JUL14AMAJAC|Amariei vs Jacquemot|Elsa Jacquemot|yes|1784056844511|0.98|0.0|0.0|trade|44.96|0.0|yes|1784056862000|1784056989842
KXWTAMATCH-26JUL14AMAJAC|Amariei vs Jacquemot|Elsa Jacquemot|yes|1784056845202|0.98|0.83|0.98|ticker|914821.34|504837.48||1784056862000|1784056989842
KXWTAMATCH-26JUL14AMAJAC|Amariei vs Jacquemot|Elsa Jacquemot|yes|1784056846236|0.98|0.85|0.98|ticker|914821.34|504837.48||1784056862000|1784056989842
KXWTAMATCH-26JUL14AMAJAC|Amariei vs Jacquemot|Elsa Jacquemot|yes|1784056846427|0.98|0.85|0.98|ticker|914821.34|504837.48||1784056862000|1784056989842
KXWTAMATCH-26JUL14AMAJAC|Amariei vs Jacquemot|Elsa Jacquemot|yes|1784056849815|0.98|0.86|0.98|ticker|914821.34|504837.48||1784056862000|1784056989842
KXWTAMATCH-26JUL14AMAJAC|Amariei vs Jacquemot|Elsa Jacquemot|yes|1784056855707|0.98|0.87|0.98|ticker|914821.34|504837.48||1784056862000|1784056989842
KXWTAMATCH-26JUL14AMAJAC|Amariei vs Jacquemot|Elsa Jacquemot|yes|1784056857829|0.98|0.87|0.98|ticker|914821.34|504837.48||1784056862000|1784056989842
KXWTAMATCH-26JUL14AMAJAC|Amariei vs Jacquemot|Elsa Jacquemot|yes|1784056859200|0.98|0.88|0.98|ticker|914821.34|504837.48||1784056862000|1784056989842
KXWTAMATCH-26JUL14AMAJAC|Amariei vs Jacquemot|Elsa Jacquemot|yes|1784056860128|0.98|0.88|0.98|ticker|914821.34|504837.48||1784056862000|1784056989842
KXWTAMATCH-26JUL14AMAJAC|Amariei vs Jacquemot|Elsa Jacquemot|yes|1784056860991|0.88|0.0|0.0|trade|110.33|0.0|no|1784056862000|1784056989842
KXWTAMATCH-26JUL14AMAJAC|Amariei vs Jacquemot|Elsa Jacquemot|yes|1784056861232|0.98|0.0|0.0|trade|0.04|0.0|yes|1784056862000|1784056989842
KXWTAMATCH-26JUL14AMAJAC|Amariei vs Jacquemot|Elsa Jacquemot|yes|1784056861232|0.98|0.0|0.0|trade|7.96|0.0|yes|1784056862000|1784056989842
KXWTAMATCH-26JUL14AMAJAC|Amariei vs Jacquemot|Elsa Jacquemot|yes|1784056861312|0.98|0.0|0.0|trade|0.32|0.0|yes|1784056862000|1784056989842
KXWTAMATCH-26JUL14AMAJAC|Amariei vs Jacquemot|Elsa Jacquemot|yes|1784056861312|0.98|0.0|0.0|trade|44.68|0.0|yes|1784056862000|1784056989842
KXWTAMATCH-26JUL14AMAJAC|Amariei vs Jacquemot|Elsa Jacquemot|yes|1784056861312|0.98|0.89|0.98|ticker|915148.0|504616.84||1784056862000|1784056989842
KXWTAMATCH-26JUL14AMAJAC|Amariei vs Jacquemot|Elsa Jacquemot|yes|1784056862163|0.98|0.89|0.98|ticker|915148.0|504616.84||1784056862000|1784056989842
KXWTAMATCH-26JUL14AMAJAC|Amariei vs Jacquemot|Elsa Jacquemot|yes|1784056864622|0.98|0.92|0.98|ticker|915148.0|504616.84||1784056862000|1784056989842
KXWTAMATCH-26JUL14AMAJAC|Amariei vs Jacquemot|Elsa Jacquemot|yes|1784056868313|0.98|0.93|0.98|ticker|915148.0|504616.84||1784056862000|1784056989842
KXWTAMATCH-26JUL14AMAJAC|Amariei vs Jacquemot|Elsa Jacquemot|yes|1784056869071|0.98|0.93|0.98|ticker|915148.0|504616.84||1784056862000|1784056989842
KXWTAMATCH-26JUL14AMAJAC|Amariei vs Jacquemot|Elsa Jacquemot|yes|1784056870004|0.98|0.94|0.98|ticker|915148.0|504616.84||1784056862000|1784056989842
KXWTAMATCH-26JUL14AMAJAC|Amariei vs Jacquemot|Elsa Jacquemot|yes|1784056874537|0.98|0.95|0.98|ticker|915148.0|504616.84||1784056862000|1784056989842
KXWTAMATCH-26JUL14AMAJAC|Amariei vs Jacquemot|Elsa Jacquemot|yes|1784056877290|0.98|0.94|0.98|ticker|915148.0|504616.84||1784056862000|1784056989842
KXWTAMATCH-26JUL14AMAJAC|Amariei vs Jacquemot|Elsa Jacquemot|yes|1784056877519|0.98|0.94|0.98|ticker|915148.0|504616.84||1784056862000|1784056989842
KXWTAMATCH-26JUL14AMAJAC|Amariei vs Jacquemot|Elsa Jacquemot|yes|1784056881088|0.98|0.95|0.98|ticker|915148.0|504616.84||1784056862000|1784056989842
KXWTAMATCH-26JUL14AMAJAC|Amariei vs Jacquemot|Elsa Jacquemot|yes|1784056883633|0.98|0.93|0.98|ticker|915148.0|504616.84||1784056862000|1784056989842
KXWTAMATCH-26JUL14AMAJAC|Amariei vs Jacquemot|Elsa Jacquemot|yes|1784056887035|0.98|0.0|0.0|trade|0.32|0.0|yes|1784056862000|1784056989842
KXWTAMATCH-26JUL14AMAJAC|Amariei vs Jacquemot|Elsa Jacquemot|yes|1784056887035|0.98|0.0|0.0|trade|102.04|0.0|yes|1784056862000|1784056989842
KXWTAMATCH-26JUL14AMAJAC|Amariei vs Jacquemot|Elsa Jacquemot|yes|1784056887047|0.98|0.94|0.99|ticker|915352.72|504616.82||1784056862000|1784056989842
KXWTAMATCH-26JUL14AMAJAC|Amariei vs Jacquemot|Elsa Jacquemot|yes|1784056887195|0.99|0.0|0.0|trade|102.0|0.0|yes|1784056862000|1784056989842
KXWTAMATCH-26JUL14AMAJAC|Amariei vs Jacquemot|Elsa Jacquemot|yes|1784056887225|0.99|0.98|0.99|ticker|915556.72|504616.82||1784056862000|1784056989842
KXWTAMATCH-26JUL14AMAJAC|Amariei vs Jacquemot|Elsa Jacquemot|yes|1784056900125|0.99|0.98|0.99|ticker|915556.72|504616.82||1784056862000|1784056989842
KXWTAMATCH-26JUL14AMAJAC|Amariei vs Jacquemot|Elsa Jacquemot|yes|1784056905807|0.99|0.0|0.0|trade|898.0|0.0|yes|1784056862000|1784056989842
KXWTAMATCH-26JUL14AMAJAC|Amariei vs Jacquemot|Elsa Jacquemot|yes|1784056905807|0.99|0.0|0.0|trade|5.0|0.0|yes|1784056862000|1784056989842
KXWTAMATCH-26JUL14AMAJAC|Amariei vs Jacquemot|Elsa Jacquemot|yes|1784056905807|0.99|0.0|0.0|trade|5000.0|0.0|yes|1784056862000|1784056989842
KXWTAMATCH-26JUL14AMAJAC|Amariei vs Jacquemot|Elsa Jacquemot|yes|1784056905807|0.99|0.0|0.0|trade|100.0|0.0|yes|1784056862000|1784056989842
KXWTAMATCH-26JUL14AMAJAC|Amariei vs Jacquemot|Elsa Jacquemot|yes|1784056905807|0.99|0.0|0.0|trade|45.0|0.0|yes|1784056862000|1784056989842
KXWTAMATCH-26JUL14AMAJAC|Amariei vs Jacquemot|Elsa Jacquemot|yes|1784056905807|0.99|0.0|0.0|trade|130.0|0.0|yes|1784056862000|1784056989842
KXWTAMATCH-26JUL14AMAJAC|Amariei vs Jacquemot|Elsa Jacquemot|yes|1784056905865|0.99|0.99|1.0|ticker|927912.72|516972.82||1784056862000|1784056989842
KXWTAMATCH-26JUL14AMAJAC|Amariei vs Jacquemot|Elsa Jacquemot|yes|1784056911315|0.99|0.0|0.0|trade|81.36|0.0|no|1784056862000|1784056989842
KXWTAMATCH-26JUL14AMAJAC|Amariei vs Jacquemot|Elsa Jacquemot|yes|1784056911315|0.99|0.99|1.0|ticker|928075.44|516972.82||1784056862000|1784056989842
KXWTAMATCH-26JUL14AMAJAC|Amariei vs Jacquemot|Elsa Jacquemot|yes|1784056915552|0.99|0.99|1.0|ticker|928075.44|516972.82||1784056862000|1784056989842
KXWTAMATCH-26JUL14AMAJAC|Amariei vs Jacquemot|Elsa Jacquemot|yes|1784056922569|0.99|0.0|1.0|ticker|928075.44|516972.82||1784056862000|1784056989842
KXWTAMATCH-26JUL14UDVROM|Udvardy vs Romero Gormaz|Panna Udvardy|yes|1784049600477|0.98|0.93|0.98|ticker|795386.56|497489.42||1784049900000|1784050019495
KXWTAMATCH-26JUL14UDVROM|Udvardy vs Romero Gormaz|Panna Udvardy|yes|1784049601538|0.98|0.93|0.98|ticker|795390.62|497493.48||1784049900000|1784050019495
KXWTAMATCH-26JUL14UDVROM|Udvardy vs Romero Gormaz|Panna Udvardy|yes|1784049601876|0.98|0.93|0.98|ticker|795390.62|497493.48||1784049900000|1784050019495
KXWTAMATCH-26JUL14UDVROM|Udvardy vs Romero Gormaz|Panna Udvardy|yes|1784049604248|0.98|0.93|0.98|ticker|795390.62|497493.48||1784049900000|1784050019495
KXWTAMATCH-26JUL14UDVROM|Udvardy vs Romero Gormaz|Panna Udvardy|yes|1784049606541|0.98|0.96|0.98|ticker|795390.62|497493.48||1784049900000|1784050019495
KXWTAMATCH-26JUL14UDVROM|Udvardy vs Romero Gormaz|Panna Udvardy|yes|1784049607495|0.98|0.97|0.98|ticker|795390.62|497493.48||1784049900000|1784050019495
KXWTAMATCH-26JUL14UDVROM|Udvardy vs Romero Gormaz|Panna Udvardy|yes|1784049607669|0.98|0.97|0.98|ticker|796409.6|498512.46||1784049900000|1784050019495
KXWTAMATCH-26JUL14UDVROM|Udvardy vs Romero Gormaz|Panna Udvardy|yes|1784049609583|0.98|0.97|0.98|ticker|796494.98|498597.84||1784049900000|1784050019495
KXWTAMATCH-26JUL14UDVROM|Udvardy vs Romero Gormaz|Panna Udvardy|yes|1784049610482|0.98|0.97|0.98|ticker|796494.98|498597.84||1784049900000|1784050019495
KXWTAMATCH-26JUL14UDVROM|Udvardy vs Romero Gormaz|Panna Udvardy|yes|1784049611175|0.97|0.97|0.98|ticker|796588.98|498503.84||1784049900000|1784050019495
KXWTAMATCH-26JUL14UDVROM|Udvardy vs Romero Gormaz|Panna Udvardy|yes|1784049612427|0.98|0.97|0.98|ticker|798606.98|500521.84||1784049900000|1784050019495
KXWTAMATCH-26JUL14UDVROM|Udvardy vs Romero Gormaz|Panna Udvardy|yes|1784049612843|0.97|0.97|0.98|ticker|798665.84|500462.98||1784049900000|1784050019495
KXWTAMATCH-26JUL14UDVROM|Udvardy vs Romero Gormaz|Panna Udvardy|yes|1784049614991|0.97|0.97|0.98|ticker|802584.92|496543.9||1784049900000|1784050019495
KXWTAMATCH-26JUL14UDVROM|Udvardy vs Romero Gormaz|Panna Udvardy|yes|1784049617530|0.97|0.97|0.98|ticker|802584.92|496543.9||1784049900000|1784050019495
KXWTAMATCH-26JUL14UDVROM|Udvardy vs Romero Gormaz|Panna Udvardy|yes|1784049619501|0.98|0.97|0.98|ticker|802586.24|496545.22||1784049900000|1784050019495
KXWTAMATCH-26JUL14UDVROM|Udvardy vs Romero Gormaz|Panna Udvardy|yes|1784049620024|0.97|0.97|0.98|ticker|802639.82|496491.64||1784049900000|1784050019495
KXWTAMATCH-26JUL14UDVROM|Udvardy vs Romero Gormaz|Panna Udvardy|yes|1784049621336|0.97|0.97|0.98|ticker|803360.1|495771.36||1784049900000|1784050019495
KXWTAMATCH-26JUL14UDVROM|Udvardy vs Romero Gormaz|Panna Udvardy|yes|1784049622640|0.98|0.97|0.98|ticker|803860.68|496271.94||1784049900000|1784050019495
KXWTAMATCH-26JUL14UDVROM|Udvardy vs Romero Gormaz|Panna Udvardy|yes|1784049624464|0.97|0.97|0.98|ticker|803985.4|496147.22||1784049900000|1784050019495
KXWTAMATCH-26JUL14UDVROM|Udvardy vs Romero Gormaz|Panna Udvardy|yes|1784049625559|0.98|0.97|0.98|ticker|804169.82|496331.64||1784049900000|1784050019495
KXWTAMATCH-26JUL14UDVROM|Udvardy vs Romero Gormaz|Panna Udvardy|yes|1784049625905|0.98|0.97|0.98|ticker|808243.7|500405.52||1784049900000|1784050019495
KXWTAMATCH-26JUL14UDVROM|Udvardy vs Romero Gormaz|Panna Udvardy|yes|1784049627239|0.98|0.97|0.98|ticker|809282.68|501444.5||1784049900000|1784050019495
KXWTAMATCH-26JUL14UDVROM|Udvardy vs Romero Gormaz|Panna Udvardy|yes|1784049627793|0.97|0.97|0.98|ticker|809532.16|501195.02||1784049900000|1784050019495
KXWTAMATCH-26JUL14UDVROM|Udvardy vs Romero Gormaz|Panna Udvardy|yes|1784049630492|0.97|0.97|0.98|ticker|810898.56|499828.62||1784049900000|1784050019495
KXWTAMATCH-26JUL14UDVROM|Udvardy vs Romero Gormaz|Panna Udvardy|yes|1784049631013|0.98|0.97|0.98|ticker|810908.56|499838.62||1784049900000|1784050019495
KXWTAMATCH-26JUL14UDVROM|Udvardy vs Romero Gormaz|Panna Udvardy|yes|1784049632060|0.98|0.97|0.98|ticker|810908.56|499838.62||1784049900000|1784050019495
KXWTAMATCH-26JUL14UDVROM|Udvardy vs Romero Gormaz|Panna Udvardy|yes|1784049633536|0.97|0.97|0.98|ticker|811528.24|500458.3||1784049900000|1784050019495
KXWTAMATCH-26JUL14UDVROM|Udvardy vs Romero Gormaz|Panna Udvardy|yes|1784049634557|0.98|0.95|0.98|ticker|812274.66|500478.72||1784049900000|1784050019495
KXWTAMATCH-26JUL14UDVROM|Udvardy vs Romero Gormaz|Panna Udvardy|yes|1784049635015|0.98|0.95|0.98|ticker|812293.72|500497.78||1784049900000|1784050019495
KXWTAMATCH-26JUL14UDVROM|Udvardy vs Romero Gormaz|Panna Udvardy|yes|1784049636494|0.98|0.95|0.97|ticker|812293.72|500497.78||1784049900000|1784050019495
KXWTAMATCH-26JUL14UDVROM|Udvardy vs Romero Gormaz|Panna Udvardy|yes|1784049637487|0.97|0.94|0.97|ticker|813621.22|501755.76||1784049900000|1784050019495
KXWTAMATCH-26JUL14UDVROM|Udvardy vs Romero Gormaz|Panna Udvardy|yes|1784049638524|0.97|0.95|0.96|ticker|813621.22|501755.76||1784049900000|1784050019495
KXWTAMATCH-26JUL14UDVROM|Udvardy vs Romero Gormaz|Panna Udvardy|yes|1784049638861|0.97|0.95|0.96|ticker|813621.22|501755.76||1784049900000|1784050019495
KXWTAMATCH-26JUL14UDVROM|Udvardy vs Romero Gormaz|Panna Udvardy|yes|1784049641511|0.96|0.95|0.96|ticker|815057.22|501755.76||1784049900000|1784050019495
KXWTAMATCH-26JUL14UDVROM|Udvardy vs Romero Gormaz|Panna Udvardy|yes|1784049642566|0.96|0.95|0.96|ticker|815514.26|501755.76||1784049900000|1784050019495
KXWTAMATCH-26JUL14UDVROM|Udvardy vs Romero Gormaz|Panna Udvardy|yes|1784049644361|0.96|0.95|0.96|ticker|816108.04|501369.72||1784049900000|1784050019495
KXWTAMATCH-26JUL14UDVROM|Udvardy vs Romero Gormaz|Panna Udvardy|yes|1784049645427|0.96|0.95|0.96|ticker|816148.12|501369.72||1784049900000|1784050019495
KXWTAMATCH-26JUL14UDVROM|Udvardy vs Romero Gormaz|Panna Udvardy|yes|1784049646317|0.96|0.95|0.96|ticker|816148.12|501369.72||1784049900000|1784050019495
KXWTAMATCH-26JUL14UDVROM|Udvardy vs Romero Gormaz|Panna Udvardy|yes|1784049648407|0.96|0.95|0.96|ticker|816210.44|501432.04||1784049900000|1784050019495
KXWTAMATCH-26JUL14UDVROM|Udvardy vs Romero Gormaz|Panna Udvardy|yes|1784049651463|0.96|0.95|0.96|ticker|816359.7|501283.62||1784049900000|1784050019495
KXWTAMATCH-26JUL14UDVROM|Udvardy vs Romero Gormaz|Panna Udvardy|yes|1784049653540|0.96|0.95|0.96|ticker|816390.46|501314.38||1784049900000|1784050019495
KXWTAMATCH-26JUL14UDVROM|Udvardy vs Romero Gormaz|Panna Udvardy|yes|1784049653930|0.96|0.95|0.96|ticker|816390.46|501314.38||1784049900000|1784050019495
KXWTAMATCH-26JUL14UDVROM|Udvardy vs Romero Gormaz|Panna Udvardy|yes|1784049654932|0.96|0.95|0.96|ticker|816390.46|501314.38||1784049900000|1784050019495
KXWTAMATCH-26JUL14UDVROM|Udvardy vs Romero Gormaz|Panna Udvardy|yes|1784049655955|0.96|0.93|0.98|ticker|816390.46|501314.38||1784049900000|1784050019495
KXWTAMATCH-26JUL14UDVROM|Udvardy vs Romero Gormaz|Panna Udvardy|yes|1784049657284|0.96|0.95|0.98|ticker|816390.46|501314.38||1784049900000|1784050019495
KXWTAMATCH-26JUL14UDVROM|Udvardy vs Romero Gormaz|Panna Udvardy|yes|1784049659270|0.98|0.95|0.97|ticker|816492.34|501343.22||1784049900000|1784050019495
KXWTAMATCH-26JUL14UDVROM|Udvardy vs Romero Gormaz|Panna Udvardy|yes|1784049660556|0.95|0.95|0.97|ticker|816658.34|501181.22||1784049900000|1784050019495
KXWTAMATCH-26JUL14UDVROM|Udvardy vs Romero Gormaz|Panna Udvardy|yes|1784049661011|0.97|0.95|0.97|ticker|816658.44|501181.22||1784049900000|1784050019495
KXWTAMATCH-26JUL14UDVROM|Udvardy vs Romero Gormaz|Panna Udvardy|yes|1784049661671|0.95|0.95|0.97|ticker|817104.44|500735.22||1784049900000|1784050019495
KXWTAMATCH-26JUL14UDVROM|Udvardy vs Romero Gormaz|Panna Udvardy|yes|1784049663497|0.97|0.95|0.97|ticker|817106.48|500735.22||1784049900000|1784050019495
KXWTAMATCH-26JUL14UDVROM|Udvardy vs Romero Gormaz|Panna Udvardy|yes|1784049664222|0.97|0.93|0.97|ticker|817106.52|500735.26||1784049900000|1784050019495
KXWTAMATCH-26JUL14UDVROM|Udvardy vs Romero Gormaz|Panna Udvardy|yes|1784049665400|0.97|0.93|0.97|ticker|817106.52|500735.26||1784049900000|1784050019495
KXWTAMATCH-26JUL14UDVROM|Udvardy vs Romero Gormaz|Panna Udvardy|yes|1784049665690|0.97|0.93|0.97|ticker|817106.52|500735.26||1784049900000|1784050019495
KXWTAMATCH-26JUL14UDVROM|Udvardy vs Romero Gormaz|Panna Udvardy|yes|1784049666664|0.97|0.93|0.98|ticker|817196.52|500825.26||1784049900000|1784050019495
KXWTAMATCH-26JUL14UDVROM|Udvardy vs Romero Gormaz|Panna Udvardy|yes|1784049668312|0.98|0.98|0.99|ticker|817353.48|500825.26||1784049900000|1784050019495
KXWTAMATCH-26JUL14UDVROM|Udvardy vs Romero Gormaz|Panna Udvardy|yes|1784049669425|0.99|0.99|1.0|ticker|824673.88|505845.26||1784049900000|1784050019495
KXWTAMATCH-26JUL14UDVROM|Udvardy vs Romero Gormaz|Panna Udvardy|yes|1784049670558|0.99|0.99|1.0|ticker|824673.88|505845.26||1784049900000|1784050019495
KXWTAMATCH-26JUL14UDVROM|Udvardy vs Romero Gormaz|Panna Udvardy|yes|1784049672984|0.99|0.99|1.0|ticker|825400.0|505845.26||1784049900000|1784050019495
KXWTAMATCH-26JUL14UDVROM|Udvardy vs Romero Gormaz|Panna Udvardy|yes|1784049674537|0.99|0.99|1.0|ticker|825441.52|505845.26||1784049900000|1784050019495
KXWTAMATCH-26JUL14UDVROM|Udvardy vs Romero Gormaz|Panna Udvardy|yes|1784049675515|0.99|0.99|1.0|ticker|825682.26|505845.26||1784049900000|1784050019495
KXWTAMATCH-26JUL14UDVROM|Udvardy vs Romero Gormaz|Panna Udvardy|yes|1784049675586|0.99|0.99|1.0|ticker|825682.26|505845.26||1784049900000|1784050019495
KXWTAMATCH-26JUL14UDVROM|Udvardy vs Romero Gormaz|Panna Udvardy|yes|1784049678531|0.99|0.99|1.0|ticker|826070.26|505845.26||1784049900000|1784050019495